"","sex:Male_vs_Female","weight_g:high_vs_low","length_cm:high_vs_low","ab_fat:high_vs_low","other_fat:high_vs_low","total_fat:high_vs_low"
"F2_2","Female","low","high","high","high","high"
"F2_3","Female","low","high","low","low","low"
"F2_14","Female","low","low","low","low","low"
"F2_15","Female","high","low","high","high","high"
"F2_19","Female","low","low","high","low","low"
"F2_20","Female","high","low","high","high","high"
"F2_23","Female","low","low","high","high","high"
"F2_24","Female","low","low","high","high","high"
"F2_26","Female","low","low","high","high","high"
"F2_37","Female","low","low","low","low","low"
"F2_42","Female","low","low","high","high","high"
"F2_43","Female","low","high","low","low","low"
"F2_45","Female","high","low","high","high","high"
"F2_46","Female","low","low","low","low","low"
"F2_47","Female","low","low","low","low","low"
"F2_48","Female","low","low","low","low","low"
"F2_51","Female","low","high","high","high","high"
"F2_52","Female","low","high","high","high","high"
"F2_54","Female","high","high","high","high","high"
"F2_63","Female","low","high","high","high","high"
"F2_65","Female","low","high","high","high","high"
"F2_66","Female","low","low","low","high","high"
"F2_68","Female","low","low","low","high","high"
"F2_69","Female","low","low","low","high","high"
"F2_70","Female","low","low","low","low","low"
"F2_71","Female","low","low",NA,"high",NA
"F2_72","Female","low","low","low","high","low"
"F2_78","Female","low","low","high","low","low"
"F2_79","Female","low","high","high","high","high"
"F2_80","Female","low","high","high","high","high"
"F2_81","Female","low","low","high","high","high"
"F2_83","Female","low","high","high","low","high"
"F2_86","Female","low","low","high","low","low"
"F2_87","Female","low","high","low","low","low"
"F2_88","Female","high","high","high","high","high"
"F2_89","Female","low","low","low","low","low"
"F2_107","Female","low","low","high","high","high"
"F2_108","Female","low","high","high","high","high"
"F2_109","Female","low","low","high","high","high"
"F2_110","Female","low","low","high","low","high"
"F2_111","Female","low","low","low","low","low"
"F2_112","Female","low","high","low","low","low"
"F2_117","Female","low","low",NA,"high",NA
"F2_119","Female","low","low","high","high","high"
"F2_125","Female","high","low","high","high","high"
"F2_126","Female","low","low","high","high","high"
"F2_127","Female","low","low","high","low","high"
"F2_141","Female","low","low","high","low","low"
"F2_142","Female","low","low","low","low","low"
"F2_143","Female","low","high","high","low","high"
"F2_144","Female",NA,NA,"low","low","low"
"F2_145","Female",NA,NA,"high","low","low"
"F2_154","Female","low","low","high","high","high"
"F2_155","Female","low","low","low","low","low"
"F2_156","Female","low","high","high","high","high"
"F2_157","Female","low","low","low","low","low"
"F2_162","Female","high","low","high","low","high"
"F2_163","Female","high","high","high","high","high"
"F2_164","Female","high","high","high","high","high"
"F2_165","Female","high","high","high","high","high"
"F2_166","Female","low","low","high","low","low"
"F2_167","Female","low","high","low","low","low"
"F2_169","Female","low","low","low","low","low"
"F2_180","Female","low","low","high","high","high"
"F2_181","Female","low","low","low","low","low"
"F2_182","Female","low","low","high","low","high"
"F2_187","Female","low","low","high","high","high"
"F2_188","Female","low","low","low","low","low"
"F2_189","Female","low","high","high","low","high"
"F2_190","Female","low","high","high","low","high"
"F2_191","Female","low","low","high","high","high"
"F2_192","Male","low","low","high","low","high"
"F2_194","Male","low","low","high","low","high"
"F2_195","Male","low","low","low","low","low"
"F2_200","Female","high","high","high","high","high"
"F2_201","Female","high","high","high","high","high"
"F2_212","Female","low","low","high","high","high"
"F2_213","Female","low","low","high","high","high"
"F2_214","Female","low","low","low","low","low"
"F2_215","Female","high","low","high","high","high"
"F2_221","Female","low","low","high","high","high"
"F2_222","Female",NA,NA,"high","high","high"
"F2_223","Female","low","low","high","high","high"
"F2_224","Female","low","low","high","high","high"
"F2_225","Female","low","low","high","low","low"
"F2_226","Female","low","low","low","low","low"
"F2_227","Female","low","low","high","low","high"
"F2_228","Female","low","low","high","high","high"
"F2_241","Female","low","low","high","high","high"
"F2_242","Female","low","low","high","low","high"
"F2_243","Female","high","low","high","high","high"
"F2_244","Female","low","low","low","low","low"
"F2_245","Female","low","low","high","high","high"
"F2_247","Female","low","low","high","low","high"
"F2_248","Female","low","low","low","low","low"
"F2_261","Female","low","low","high","low","high"
"F2_263","Female","low","low","high","low","high"
"F2_264","Female","low","low","high","high","high"
"F2_270","Female","high","low","high","high","high"
"F2_271","Female","low","low","low","high","low"
"F2_272","Female","low","low","high","high","high"
"F2_278","Female","high","high","high","high","high"
"F2_287","Female","high","low","high","high","high"
"F2_288","Female","low","low","high","low","low"
"F2_289","Female","low","low","high","low","high"
"F2_290","Female","low","low","high","low","high"
"F2_291","Female","high","high","high","high","high"
"F2_296","Female","low","low","high","low","high"
"F2_298","Female","low","low","high","low","low"
"F2_299","Female","low","low","high","high","high"
"F2_300","Female","low","low","high","high","high"
"F2_302","Female","high","high","high","low","high"
"F2_303","Female","low","low","high","high","high"
"F2_304","Female","low","low","high","low","high"
"F2_305","Female","low","low","high","low","low"
"F2_306","Female","low","low","high","high","high"
"F2_307","Female","low","low","high","low","high"
"F2_308","Male","low","low","high","high","high"
"F2_309","Female","low","high","high","low","high"
"F2_310","Female","low","high","high","low","high"
"F2_311","Female","low","low","high","low","high"
"F2_312","Female","low","low","high","high","high"
"F2_320","Female","low","low","high","high","high"
"F2_321","Female","high","high","high","high","high"
"F2_323","Female","low","low","high","high","high"
"F2_324","Female","low","low","high","low","high"
"F2_325","Female","low","low","high","high","high"
"F2_326","Female","low","low","high","low","low"
"F2_327","Female","low","low","high","high","high"
"F2_328","Female","low","low","high","low","low"
"F2_329","Female","low","low","high","low","low"
"F2_330","Female","low","high","low","low","low"
"F2_332","Female","low","high","high","low","low"
"F2_355","Female","low","low","high","low","high"
"F2_357","Female","high","high","high","high","high"
"F2_4","Male","high","high","low","high","high"
"F2_5","Male","high","high","low","high","high"
"F2_6","Male","high","high","low","high","low"
"F2_7","Male","high","high","low","high","low"
"F2_8","Male","high","high","low","low","low"
"F2_9","Male","high","high","high","high","high"
"F2_10","Male","high","high","high","high","high"
"F2_13","Male","high","high","low","high","high"
"F2_16","Male","high","high","low","high","high"
"F2_17","Male","high","high","high","high","high"
"F2_18","Male","high","high","low","high","high"
"F2_22","Male","high","low","low","high","high"
"F2_27","Male","high","high","low","high","low"
"F2_28","Male","low","high","high","low","low"
"F2_29","Male","high","high","low","high","low"
"F2_30","Male","high","high","low","low","low"
"F2_33","Male","high","low","high","high","high"
"F2_34","Male","high","high","high","high","high"
"F2_35","Male","high","low","high","high","high"
"F2_39","Male","high","low","low","high","low"
"F2_40","Male","high","low","low","low","low"
"F2_41","Male","high","low","low","low","low"
"F2_49","Male","low","low","low","low","low"
"F2_50","Male","low","low","low","low","low"
"F2_55","Male","high","high","low","low","low"
"F2_56","Male","high","high","low","low","low"
"F2_57","Male","high","high","low","low","low"
"F2_59","Male","high","high","low","low","low"
"F2_60","Male","high","low","low","high","low"
"F2_73","Male","high","high","low","high","high"
"F2_74","Male","high","high","low","high","high"
"F2_75","Male","high","high","low","high","low"
"F2_76","Male","high","high","low","high","high"
"F2_84","Male","high","high","low","low","low"
"F2_85","Male","low","high","low","low","low"
"F2_91","Male","high","high","low","low","low"
"F2_92","Male","high","high","low","high","low"
"F2_93","Male","low","low","high","low","low"
"F2_94","Male","high","high","low","high","low"
"F2_104","Male","high","high","low","high","low"
"F2_105","Male","low","high","high","low","low"
"F2_114","Male","high","high","low","low","low"
"F2_115","Male","high","high","high","high","high"
"F2_116","Male","high","high","high","high","high"
"F2_120","Male","high","high","high","high","high"
"F2_121","Male","high","low","low","high","high"
"F2_122","Male","high","high","low","high","low"
"F2_123","Male","low","low","high","high","high"
"F2_124","Male","high","low","high","high","high"
"F2_146","Male","high","high","high","low","high"
"F2_147","Male","high","high","low","low","low"
"F2_148","Male","high","high","low","low","low"
"F2_149","Male","high","high","low","high","low"
"F2_151","Male","high","high","low","low","low"
"F2_152","Male","high","high","low","low","low"
"F2_153","Male","high","high","high","high","high"
"F2_158","Male","high","high","low","high","high"
"F2_159","Male","high","high","high","low","low"
"F2_160","Male","high","high","low","low","low"
"F2_170","Male","high","high","low","low","low"
"F2_171","Male","high","high","low","high","low"
"F2_172","Male","low","low","low","low","low"
"F2_173","Male","high","high","low","high","high"
"F2_174","Male","high","high","low","low","low"
"F2_176","Male","high","low","low","high","high"
"F2_178","Male","high","high","low","high","high"
"F2_179","Male","high","low","low","low","low"
"F2_183","Male","high","high","low","high","low"
"F2_184","Male","high","high","low","low","low"
"F2_185","Male","low","high","low","high","low"
"F2_186","Male","low","low","low","low","low"
"F2_197","Female","high","high","low","high","low"
"F2_198","Female","low","low","low","low","low"
"F2_199","Female","high","high","low","low","low"
"F2_207","Male","high","high","low","high","high"
"F2_208","Male","high","high","high","high","high"
"F2_209","Male","low","low","high","high","high"
"F2_210","Male","low","high","low","low","low"
"F2_216","Male","high","low","low","low","low"
"F2_217","Male","high","high","low","low","low"
"F2_218","Male","high","low","low","high","low"
"F2_219","Male","high","high","low","high","low"
"F2_220","Male","high","high","low","low","low"
"F2_230","Male","high","high","high","low","low"
"F2_231","Male","high","low","low","low","low"
"F2_232","Male","high","low","high","low","high"
"F2_233","Male","high","high","low","high","low"
"F2_234","Male","high","low","low","low","low"
"F2_235","Male","high","high","high","high","high"
"F2_236","Male","high","high","high","low","low"
"F2_237","Male","high","high","low","high","high"
"F2_238","Male","high","high","high",NA,NA
"F2_239","Male","high","high","high","high","high"
"F2_249","Male","high","high","low","low","low"
"F2_250","Male","high","low","low","low","low"
"F2_251","Male","low","low","low","low","low"
"F2_252","Male","high","high","low","low","low"
"F2_254","Male","high","high","low","high","low"
"F2_256","Male","high","high","low","high","high"
"F2_257","Male","low","low","low","low","low"
"F2_265","Male","high","high","low","low","low"
"F2_266","Male","high","high","low","low","low"
"F2_268","Male","high","high","low","low","low"
"F2_274","Male","high","high","low","low","low"
"F2_275","Male","high","high","low","high","low"
"F2_276","Male","high","high","low","high","high"
"F2_279","Male","high","high","high","low","high"
"F2_280","Male","high","low","low","high","low"
"F2_281","Male","low","high","low","low","low"
"F2_282","Male","high","high",NA,"high",NA
"F2_284","Male","high","high","low","high","low"
"F2_285","Male","high","low","low","low","low"
"F2_286","Male","high","high","high","high","high"
"F2_292","Male","high","low","low","low","low"
"F2_294","Male","high","low","low","high","low"
"F2_295","Male","low","low","high","high","high"
"F2_313","Male","high","low","high","high","high"
"F2_314","Male","high","high","low","high","low"
"F2_315","Male","high","high","low","high","low"
"F2_316","Male","high","high","low","low","low"
"F2_317","Male","high","high","low","low","low"
"F2_318","Male","high","high","low","high","low"
"F2_343","Male","low","low","high","low","low"
"F2_353","Male","high","high","low","high","low"
